,ID,error,mean,year
3,rail_BIH,31.1268591223278,10.467731343390964,1995.0
4,rail_SPM,31.12737579562764,8.960121871168244,1995.0
5,rail_NRU,31.12784991980179,6.463405047863603,1995.0
6,rail_CXR,31.12737399279464,6.3649484112909,1995.0
7,rail_COK,31.127424136460252,6.156696305702322,1995.0
8,rail_SOM,31.12744414741845,6.133351480948207,1995.0
9,rail_BRB,31.126792982699225,6.046430664016451,1995.0
10,rail_GBR,31.12664565235632,5.637846357720211,1995.0
11,rail_LKA,31.12662101791946,5.547769617339142,1995.0
12,rail_MTQ,31.126737695579884,5.392746468344312,1995.0
13,rail_FIN,31.126630901945376,5.081126309134378,1995.0
14,rail_GRC,31.126628513282856,4.984075211199955,1995.0
15,rail_MSR,31.12740176279877,4.857643757767159,1995.0
16,rail_AUT,31.126684324657976,4.7565786708147995,1995.0
17,rail_SVK,31.12665858261851,4.756438026769339,1995.0
18,rail_COM,31.12740629273026,4.631895756318666,1995.0
19,rail_HKG,31.12662187133084,4.595446183029247,1995.0
20,rail_TON,31.12704684993073,4.569813235400014,1995.0
21,rail_TUV,31.127377443686083,4.483828926097165,1995.0
22,rail_ESP,31.126684149459386,4.30214319206725,1995.0
23,rail_MDG,31.127053726834262,4.243487755627685,1995.0
24,rail_DEU,31.12669911540773,4.175143864899068,1995.0
25,rail_FRA,31.126718894676436,4.025282653558363,1995.0
26,rail_DNK,31.126697244107575,3.9778278133428717,1995.0
27,rail_USA,31.126688452280938,3.947670562228873,1995.0
28,rail_KIR,31.127265398630833,3.929435219721297,1995.0
29,rail_ITA,31.126694788106477,3.871245668322983,1995.0
30,rail_PLW,31.1272456081727,3.826643264788169,1995.0
31,rail_CZE,31.126733671111488,3.7851490609190686,1995.0
32,rail_SVN,31.126661168902608,3.6331518996346475,1995.0
33,rail_MHL,31.126889906919978,3.5894773472778714,1995.0
34,rail_PCN,31.12719978544147,3.5822172590602572,1995.0
35,rail_NLD,31.126704119398834,3.5490449872097005,1995.0
36,rail_BEL,31.126732046761482,3.4859251770244573,1995.0
37,rail_MLT,31.126835450856362,3.2586290168166694,1995.0
38,rail_CHE,31.12664761800597,3.1432463524589034,1995.0
39,rail_TUR,31.12681989119089,3.098233419572429,1995.0
40,rail_NFK,31.127109274717444,3.0692221326269453,1995.0
41,rail_CHN,31.126680269193642,3.026842056085799,1995.0
42,rail_JOR,31.12661966365764,2.953212233022495,1995.0
43,rail_SCG,31.126634934376497,2.8986716171724196,1995.0
44,rail_COL,31.12664027046144,2.857896732565235,1995.0
45,rail_ROU,31.126979149112508,2.849716023784276,1995.0
46,rail_FSM,31.127062919430212,2.7880519976235805,1995.0
47,rail_HUN,31.126788109735333,2.662072583835656,1995.0
48,rail_KAZ,31.12702796185728,2.644029813466063,1995.0
49,rail_POL,31.12680389882853,2.6392282806546015,1995.0
50,rail_SWE,31.126744851840424,2.6214207223724664,1995.0
51,rail_HRV,31.126665547414216,2.5256897362509347,1995.0
52,rail_PRT,31.126718744593944,2.5127576678669508,1995.0
53,rail_BGR,31.12689606393985,2.5059003135578704,1995.0
54,rail_CAN,31.126747343987432,2.472822996767265,1995.0
55,rail_UKR,31.126943346778145,2.4522660819654005,1995.0
56,rail_NZL,31.126687295197677,2.4383553927870087,1995.0
57,rail_IND,31.126713143190578,2.403586323706498,1995.0
58,rail_BRA,31.126838017750096,2.269380370947361,1995.0
59,rail_LTU,31.1267197274871,2.2204145609627943,1995.0
60,rail_THA,31.126683370180572,2.1545471682756836,1995.0
61,rail_EST,31.126751619802167,2.134453785729012,1995.0
62,rail_ZAF,31.126788187257606,2.07559445399038,1995.0
63,rail_IRL,31.12662846849483,2.067509587776434,1995.0
64,rail_CYP,31.12662962186331,2.061443159119685,1995.0
65,rail_AUS,31.12670926539792,1.8903427058220628,1995.0
66,rail_MEX,31.12671992497952,1.8468615122322731,1995.0
67,rail_ARG,31.126646822575267,1.7691208119675412,1995.0
68,rail_ANS,31.126715927548318,1.686429989057073,1995.0
69,rail_NOR,31.126780209699763,1.6738239278854339,1995.0
70,rail_ISR,31.126718258512216,1.6520315524233287,1995.0
71,rail_CRI,31.126622710600007,1.5748329243951495,1995.0
72,rail_KOR,31.126764804716817,1.544261847323806,1995.0
73,rail_MYS,31.126680864224877,1.46190768040609,1995.0
74,rail_TWN,31.126655307661835,1.4573793158743644,1995.0
75,rail_LVA,31.126706326971224,1.4380461002593012,1995.0
76,rail_KEN,31.126620911144148,1.404961196244582,1995.0
77,rail_SGP,31.126646268909784,1.3498223129359659,1995.0
78,rail_BLR,31.126796448013547,1.3138777599473563,1995.0
79,rail_CHL,31.126623139365325,1.1904005163917808,1995.0
80,rail_TUN,31.126713695134587,1.1510703778622655,1995.0
81,rail_JPN,31.126675118268928,1.1507815508725214,1995.0
82,rail_ZWE,31.1266717255702,1.0269081932863982,1995.0
83,rail_GHA,31.126819317420154,1.0095497983369581,1995.0
84,rail_IRN,31.126808557339963,0.9100189675164412,1995.0
85,rail_IDN,31.12670073727856,0.908680632833148,1995.0
86,rail_PHL,31.12674598453121,0.8625813613783161,1995.0
87,rail_MKD,31.126730182299983,0.838105091780432,1995.0
88,rail_OMN,31.12679315549314,0.8084207377327924,1995.0
89,rail_RUS,31.126721612177015,0.7089963171396487,1995.0
90,rail_JAM,31.126646385371362,0.6663188983606054,1995.0
91,rail_PRK,31.126682095095763,0.6250181671384831,1995.0
92,rail_VEN,31.12675253374126,0.5369515425910667,1995.0
93,rail_URY,31.12665610110534,0.5252062002429098,1995.0
94,rail_SAU,31.12676403942644,0.5006357306769276,1995.0
95,rail_MDA,31.126669660105904,0.3120214821753584,1995.0
96,rail_VNM,31.12672717502892,0.2821416481799487,1995.0
97,rail_KGZ,31.126645012989897,0.23907178058711132,1995.0
98,rail_REU,31.126634245542434,0.23815505201102893,1995.0
99,rail_HND,31.12671068390976,0.09269253849688441,1995.0
100,rail_SWZ,0.0,0.0,1995.0
101,rail_TLS,0.0,0.0,1995.0
102,rail_CUW,0.0,0.0,1995.0
103,rail_UMI,0.0,0.0,1995.0
104,rail_SSD,0.0,0.0,1995.0
105,rail_VAT,0.0,0.0,1995.0
106,rail_BLM,0.0,0.0,1995.0
107,rail_BWA,0.0,0.0,1995.0
108,rail_ATF,0.0,0.0,1995.0
109,rail_SMR,0.0,0.0,1995.0
110,rail_ESH,0.0,0.0,1995.0
111,rail_GUM,0.0,0.0,1995.0
112,rail_ATA,0.0,0.0,1995.0
113,rail_BVT,0.0,0.0,1995.0
114,rail_WLF,0.0,0.0,1995.0
115,rail_LSO,0.0,0.0,1995.0
116,rail_ASM,0.0,0.0,1995.0
117,rail_MNE,0.0,0.0,1995.0
118,rail_SRB,0.0,0.0,1995.0
119,rail_BES,0.0,0.0,1995.0
120,rail_LUX,0.0,0.0,1995.0
121,rail_MYT,0.0,0.0,1995.0
122,rail_NAM,0.0,0.0,1995.0
123,rail_SGS,0.0,0.0,1995.0
124,rail_NIU,0.0,0.0,1995.0
125,rail_PSE,0.0,0.0,1995.0
126,rail_SXM,0.0,0.0,1995.0
127,rail_DMA,31.126691525728035,-0.06437692316932808,1995.0
128,rail_MAR,31.126631352489028,-0.07029549265468082,1995.0
129,rail_TKM,31.126718600564608,-0.1161131867351215,1995.0
130,rail_VCT,31.12671218261326,-0.15050708281453273,1995.0
131,rail_ARE,31.126659159457237,-0.21018562854640477,1995.0
132,rail_EGY,31.126620053194493,-0.250704386258219,1995.0
133,rail_STP,31.126787595303927,-0.30375841157910655,1995.0
134,rail_GTM,31.12662983266041,-0.3274751316751181,1995.0
135,rail_CIV,31.126676845988207,-0.3425923347281798,1995.0
136,rail_PAN,31.126629450015244,-0.351638957433801,1995.0
137,rail_MWI,31.126659470841144,-0.4333019002819294,1995.0
138,rail_MUS,31.126632259893473,-0.4412551454928453,1995.0
139,rail_NIC,31.126663979493795,-0.5014520463426915,1995.0
140,rail_BLZ,31.12665611213592,-0.6284328926262646,1995.0
141,rail_NGA,31.12668189386219,-0.6322193758801944,1995.0
142,rail_SLV,31.126629722360377,-0.6909653407322933,1995.0
143,rail_PER,31.12665457901024,-0.7686973148121842,1995.0
144,rail_PAK,31.126625203439563,-0.8049803526929995,1995.0
145,rail_MAC,31.12664156543121,-0.8676164385466418,1995.0
146,rail_GMB,31.126646981754476,-0.9134128703839405,1995.0
147,rail_ERI,31.12672700304067,-0.9763084630307319,1995.0
148,rail_NER,31.126659441457754,-1.025739240327347,1995.0
149,rail_TTO,31.126619845030604,-1.0966017451447934,1995.0
150,rail_ANT,31.126649701362368,-1.122158378121699,1995.0
151,rail_UGA,31.126646169155897,-1.293691424564013,1995.0
152,rail_DJI,31.12662953942749,-1.3263865477354018,1995.0
153,rail_ECU,31.12662266991517,-1.328509961036925,1995.0
154,rail_ISL,31.126622082436306,-1.3350661994832564,1995.0
155,rail_BOL,31.126634235453082,-1.4090071827769926,1995.0
156,rail_ZMB,31.12664077187119,-1.4121424165687835,1995.0
157,rail_TZA,31.126632580055087,-1.6021405195673726,1995.0
158,rail_GUY,31.12663706355726,-1.6066758235089607,1995.0
159,rail_TGO,31.126619800848037,-1.6521735287211539,1995.0
160,rail_MMR,31.126634536584277,-1.6803665530710103,1995.0
161,rail_COG,31.126632938739853,-1.7426726449462908,1995.0
162,rail_SHN,31.12679921259527,-1.8473733356380384,1995.0
163,rail_BHR,31.126624227088442,-1.891460227001363,1995.0
164,rail_SDN,31.1266283758608,-1.913884818725648,1995.0
165,rail_GEO,31.126622179800982,-1.9214974691349596,1995.0
166,rail_YEM,31.12662701649214,-1.9867581228210556,1995.0
167,rail_MLI,31.12666781704534,-2.0208563322546746,1995.0
168,rail_LCA,31.126667639012766,-2.0249007249949877,1995.0
169,rail_ALB,31.1266379432526,-2.024986928067716,1995.0
170,rail_GRD,31.126637470619826,-2.0265726978816923,1995.0
171,rail_VGB,31.126622308643807,-2.11636351342787,1995.0
172,rail_BFA,31.126620000595175,-2.3608178445005064,1995.0
173,rail_ETH,31.126621142951564,-2.3643635505196587,1995.0
174,rail_PRY,31.12662908206005,-2.733083241139939,1995.0
175,rail_BEN,31.126683540682613,-2.788843549358014,1995.0
176,rail_KWT,31.126620538724236,-2.8224138997564525,1995.0
177,rail_COD,31.126620079670992,-2.915827315139442,1995.0
178,rail_VUT,31.126620303521747,-2.926391094280905,1995.0
179,rail_SLE,31.12668651639766,-2.940220095961017,1995.0
180,rail_TJK,31.126625077590255,-3.0536546393101407,1995.0
181,rail_GIB,31.1267071706015,-3.1146754530484033,1995.0
182,rail_AFG,31.12662885048233,-3.132412911592848,1995.0
183,rail_CMR,31.12662982301135,-3.152934037209799,1995.0
184,rail_BGD,31.126731287449477,-3.1670155543399594,1995.0
185,rail_ATG,31.126627787898347,-3.176751043906853,1995.0
186,rail_LBR,31.126622758975934,-3.186518922796627,1995.0
187,rail_CPV,31.126639989368094,-3.2282564895798176,1995.0
188,rail_GAB,31.126623546352842,-3.2569491797217993,1995.0
189,rail_LBY,31.12662459568692,-3.314506168109707,1995.0
190,rail_QAT,31.126626016952542,-3.3647171036934953,1995.0
191,rail_IRQ,31.126647366391992,-3.4619952747920393,1995.0
192,rail_UZB,31.126641933272072,-3.486985506503252,1995.0
193,rail_SEN,31.126649248748922,-3.4982203193762293,1995.0
194,rail_AGO,31.12662826419548,-3.5059814876310127,1995.0
195,rail_FJI,31.126679670142327,-3.5391093536199074,1995.0
196,rail_PNG,31.126629733108803,-3.550076002541064,1995.0
197,rail_MOZ,31.126649319176572,-3.593377356093911,1995.0
198,rail_DOM,31.126671825221845,-3.6177659441295127,1995.0
199,rail_GUF,31.126649920270147,-3.636995176630867,1995.0
200,rail_CUB,31.12664010972068,-3.6957718896595364,1995.0
201,rail_BRN,31.126636065893074,-3.7401400722573994,1995.0
202,rail_CAF,31.126662893207904,-3.949968555382654,1995.0
203,rail_WSM,31.12665263540365,-4.19749767255877,1995.0
204,rail_GIN,31.12665796316778,-4.210345513192114,1995.0
205,rail_SUR,31.126663811016712,-4.279053266003501,1995.0
206,rail_SYR,31.12669165137471,-4.286498236691887,1995.0
207,rail_FLK,31.1269752838313,-4.2937249653938006,1995.0
208,rail_GNB,31.12690352508412,-4.304319451769256,1995.0
209,rail_SYC,31.126827478274066,-4.55864047197689,1995.0
210,rail_CYM,31.12670299971714,-4.57934504814692,1995.0
211,rail_CCK,31.126718543777947,-4.6698205620043165,1995.0
212,rail_AIA,31.126782760195344,-4.773389021988296,1995.0
213,rail_TCA,31.12672118669662,-4.898528282830641,1995.0
214,rail_ARM,31.12670318139159,-5.021259948647783,1995.0
215,rail_BHS,31.126750435597828,-5.150040191678366,1995.0
216,rail_FRO,31.12700911383696,-5.319229498169424,1995.0
217,rail_PYF,31.126768744385515,-5.68524374316808,1995.0
218,rail_KNA,31.126789401325404,-5.714138000844494,1995.0
219,rail_NCL,31.126761309406753,-5.817569870621565,1995.0
220,rail_TKL,31.12678666432868,-5.839604236819678,1995.0
221,rail_BTN,31.12687723761591,-6.082112093914048,1995.0
222,rail_BMU,31.12685346361273,-6.3199696577146085,1995.0
223,rail_RWA,31.126828490599998,-6.393119686823862,1995.0
224,rail_AZE,31.126942192290123,-6.397115662131759,1995.0
225,rail_BDI,31.12682369208829,-6.4456449285419675,1995.0
226,rail_DZA,31.12687935889135,-6.535838493364197,1995.0
227,rail_KHM,31.12690642520325,-6.700595053780706,1995.0
228,rail_GRL,31.126955381844137,-6.80826293219182,1995.0
229,rail_LAO,31.12689252407795,-6.846560203407372,1995.0
230,rail_MNP,31.127063419390765,-6.96380493264688,1995.0
231,rail_HTI,31.127025508538505,-6.989355225525301,1995.0
232,rail_NPL,31.127408205178536,-7.1830715584089475,1995.0
233,rail_TCD,31.12698755088261,-7.207594132250304,1995.0
234,rail_MNG,31.127009685173267,-7.847371518567049,1995.0
235,rail_SLB,31.127041612501998,-8.078234508987467,1995.0
236,rail_MDV,31.127279027690026,-8.431293076652551,1995.0
237,rail_GNQ,31.127125459664846,-8.571845562338167,1995.0
238,rail_IOT,31.12718259062531,-8.705224937270073,1995.0
239,rail_ABW,31.12741826125743,-9.86975151390028,1995.0
240,rail_MRT,31.127798001707454,-11.064076909914188,1995.0
4,rail_MSR,30.91053248877023,19.319962880070065,2000.0
5,rail_BLZ,30.90984662966974,18.765079746273162,2000.0
6,rail_FRO,30.910643129802374,13.772457742485166,2000.0
7,rail_LBN,30.909529420418608,12.085876564333125,2000.0
8,rail_MDG,30.909816234854524,11.563468768510269,2000.0
9,rail_MDV,30.910423662719833,9.526121277811502,2000.0
10,rail_TUV,30.910788153764244,5.5573145552978875,2000.0
11,rail_CCK,30.911374721018845,5.055802651379111,2000.0
12,rail_COM,30.910959539799872,3.727467036806704,2000.0
13,rail_MUS,30.909537845470055,3.0311421967476235,2000.0
14,rail_IOT,30.91064776645519,2.706476387525038,2000.0
15,rail_SPM,30.91012180218473,2.3081739118509406,2000.0
16,rail_FSM,30.910503297502217,2.024444930651896,2000.0
17,rail_HKG,30.9095030035065,1.7166877035200176,2000.0
18,rail_WLF,30.91039985090159,1.5867898675439478,2000.0
19,rail_GBR,30.909525130579595,1.3771402291010788,2000.0
20,rail_MHL,30.91026723466369,1.359604545763194,2000.0
21,rail_ESP,30.90955599742646,1.1101528271628138,2000.0
22,rail_HRV,30.90951577081102,0.9628515543574911,2000.0
23,rail_DNK,30.90956810513304,0.7869361884583553,2000.0
24,rail_SVK,30.909534438209814,0.7249727605353842,2000.0
25,rail_JOR,30.90951858015163,0.685868027998572,2000.0
26,rail_GIB,30.909880681960715,0.43802789997282954,2000.0
27,rail_GRC,30.909544723702542,0.38633466805352956,2000.0
28,rail_CZE,30.909579730006108,0.38532402784967723,2000.0
29,rail_AUT,30.909589268997337,0.3586098295697311,2000.0
30,rail_ITA,30.90959913020311,0.03600373637982868,2000.0
31,rail_MTQ,1.3235782042061535e-10,5.969670113010923e-11,2000.0
32,rail_GLP,9.090264071063675e-11,1.2516463145173131e-11,2000.0
33,rail_SXM,0.0,0.0,2000.0
34,rail_MNE,0.0,0.0,2000.0
35,rail_BES,0.0,0.0,2000.0
36,rail_SGS,0.0,0.0,2000.0
37,rail_BVT,0.0,0.0,2000.0
38,rail_SRB,0.0,0.0,2000.0
39,rail_ATF,0.0,0.0,2000.0
40,rail_SSD,0.0,0.0,2000.0
41,rail_BLM,0.0,0.0,2000.0
42,rail_CUW,0.0,0.0,2000.0
43,rail_REU,7.574882690582891e-11,-3.861664304433019e-11,2000.0
44,rail_GUF,1.746183858773051e-10,-7.873739295527568e-11,2000.0
45,rail_DEU,30.909606787358335,-0.008721762777671671,2000.0
46,rail_USA,30.90958145240273,-0.028345320989432654,2000.0
47,rail_LVA,30.909505559778285,-0.05082419610364397,2000.0
48,rail_FRA,30.90961953495665,-0.16498561493629893,2000.0
49,rail_ZAF,30.909581618917937,-0.19154343116710004,2000.0
50,rail_SVN,30.90957007400371,-0.3295628875897457,2000.0
51,rail_CHN,30.909541253322164,-0.35242224086770846,2000.0
52,rail_TUR,30.909708996791434,-0.42818758170987836,2000.0
53,rail_BEL,30.90963085168301,-0.43165922712490157,2000.0
54,rail_NLD,30.90958655790397,-0.45839430285376204,2000.0
55,rail_POL,30.909651516038565,-0.47293582678133794,2000.0
56,rail_COL,30.909507339117738,-0.4786745383283355,2000.0
57,rail_URY,30.909525432566273,-0.5195702940719644,2000.0
58,rail_SCG,30.909568144703183,-0.5919593257015829,2000.0
59,rail_CYP,30.9095038644081,-0.5935013625471197,2000.0
60,rail_THA,30.90973608679101,-0.6645083105816889,2000.0
61,rail_SLV,30.90950669918374,-0.7031691633675525,2000.0
62,rail_CAN,30.909622963662073,-0.7560191087393549,2000.0
63,rail_CHE,30.90955160644327,-0.7798299743657773,2000.0
64,rail_IND,30.90963120650758,-0.8010389116793071,2000.0
65,rail_ESH,30.909905653759928,-0.8234633856323519,2000.0
66,rail_MKD,30.909826410283774,-0.997641925895697,2000.0
67,rail_IRN,30.909894515202236,-1.0082306884873966,2000.0
68,rail_VAT,30.91102976313448,-1.0184691741040974,2000.0
69,rail_MLT,30.909737178451955,-1.0426901707341267,2000.0
70,rail_SWE,30.90964208070885,-1.057603682507556,2000.0
71,rail_ROU,30.909743944362543,-1.0717764720098226,2000.0
72,rail_NZL,30.909595407689835,-1.0863332152851477,2000.0
73,rail_BGR,30.90971933467619,-1.112831280827415,2000.0
74,rail_FIN,30.909521962723787,-1.1258009629846404,2000.0
75,rail_PRT,30.909600008678915,-1.171073546008857,2000.0
76,rail_ALB,30.909506943033797,-1.1762255265281611,2000.0
77,rail_UKR,30.90973844396016,-1.1792142136045927,2000.0
78,rail_BRA,30.90973657003278,-1.2071061364631352,2000.0
79,rail_LUX,30.909632993857713,-1.3793747179194646,2000.0
80,rail_LTU,30.909570390270687,-1.4387998488872091,2000.0
81,rail_ATA,30.909728422153663,-1.4426204999052281,2000.0
82,rail_HUN,30.909674928706085,-1.5094467024549352,2000.0
83,rail_AUS,30.909588516916116,-1.6871246514754472,2000.0
84,rail_MEX,30.909658412271867,-1.7441396325164062,2000.0
85,rail_BLR,30.90961879768225,-1.7704641372662266,2000.0
86,rail_FJI,30.909653802831944,-1.8538601656849418,2000.0
87,rail_VNM,30.9097156567055,-1.8593952208098088,2000.0
88,rail_LKA,30.90951275758109,-1.9409179208028564,2000.0
89,rail_ANS,30.909642233320987,-2.02564111487865,2000.0
90,rail_IDN,30.909555798067068,-2.0338653138272798,2000.0
91,rail_ZWE,30.909677511638268,-2.0536370207767254,2000.0
92,rail_KOR,30.909653161198847,-2.0676759658811426,2000.0
93,rail_MYS,30.909610392164492,-2.104756524303443,2000.0
94,rail_PNG,30.909748515307264,-2.1276000379489286,2000.0
95,rail_NOR,30.909646609396358,-2.166944182577751,2000.0
96,rail_TWN,30.909577195897263,-2.1731812480675043,2000.0
97,rail_TZA,30.90971885691419,-2.2297097863579913,2000.0
98,rail_ZMB,30.909641947402704,-2.2401761238746207,2000.0
99,rail_ARG,30.90956836861384,-2.2652044160450906,2000.0
100,rail_CXR,30.90972970604793,-2.2742818545002192,2000.0
101,rail_KAZ,30.909718863894152,-2.3091735118516326,2000.0
102,rail_ISR,30.909588171234155,-2.3145662638672024,2000.0
103,rail_PHL,30.909680864647807,-2.3876669619956243,2000.0
104,rail_JPN,30.909528540664198,-2.4368597728766925,2000.0
105,rail_SWZ,30.909503565341616,-2.437154597845842,2000.0
106,rail_EST,30.909557190332734,-2.5145823615417253,2000.0
107,rail_UZB,30.909685038046277,-2.539072697372978,2000.0
108,rail_TUN,30.90959403381106,-2.5691674953100248,2000.0
109,rail_RUS,30.909585553805293,-2.617599673404326,2000.0
110,rail_MMR,30.90967933441407,-2.645243800351215,2000.0
111,rail_PRK,30.90958381670316,-2.682718131779253,2000.0
112,rail_GTM,30.90952766099572,-2.7170897885955987,2000.0
113,rail_BFA,30.909514641360722,-2.731454720043798,2000.0
114,rail_ARE,30.909619111016234,-2.7446268699455185,2000.0
115,rail_SAU,30.909666272814917,-2.770735112213853,2000.0
116,rail_BRB,30.909565664616373,-2.7860009003445967,2000.0
117,rail_SGP,30.909519577470412,-2.8299351437620945,2000.0
118,rail_AZE,30.90965868993352,-2.845501161246679,2000.0
119,rail_GMB,30.909706771413262,-2.8700524536364114,2000.0
120,rail_BWA,30.9095084503588,-2.890720816634231,2000.0
121,rail_KEN,30.909503059222946,-2.8937881755792034,2000.0
122,rail_PAN,30.90951812429194,-2.940463034953671,2000.0
123,rail_BEN,30.909861736208498,-3.0065692743589354,2000.0
124,rail_GEO,30.909514978714682,-3.0229014336249507,2000.0
125,rail_BIH,30.909515159988253,-3.033827310486145,2000.0
126,rail_PCN,30.91002815452682,-3.0741410042726534,2000.0
127,rail_IRL,30.909520405890134,-3.1118714113428982,2000.0
128,rail_CHL,30.90950956798565,-3.121950465638851,2000.0
129,rail_MOZ,30.909625182506154,-3.132465027994561,2000.0
130,rail_VEN,30.9096287828999,-3.142744253253352,2000.0
131,rail_CIV,30.909608082124937,-3.197567841341415,2000.0
132,rail_KGZ,30.909584632713067,-3.2842442306741866,2000.0
133,rail_CRI,30.909528478526354,-3.294201237737708,2000.0
134,rail_VCT,30.909594976317308,-3.407573431240557,2000.0
135,rail_COD,30.909612923037344,-3.452525642430506,2000.0
136,rail_DMA,30.909508598051765,-3.5787874901971843,2000.0
137,rail_SHN,30.90968357204715,-3.5835428048845697,2000.0
138,rail_MAR,30.909538490130288,-3.593918191062088,2000.0
139,rail_MDA,30.90953152660974,-3.6164031049110044,2000.0
140,rail_SEN,30.909562690443394,-3.633686371628476,2000.0
141,rail_NER,30.90959244645482,-3.635374451721576,2000.0
142,rail_HND,30.909523620974966,-3.6531183580932067,2000.0
143,rail_EGY,30.909503668503334,-3.673221751975407,2000.0
144,rail_PAK,30.90950908334334,-3.770737326964755,2000.0
145,rail_OMN,30.90957578197787,-3.83809766910725,2000.0
146,rail_DOM,30.909503586684195,-3.9610980096509136,2000.0
147,rail_QAT,30.90957290915847,-3.991312807473997,2000.0
148,rail_BOL,30.909558375005062,-4.014074955944237,2000.0
149,rail_ABW,30.909568797105596,-4.097303878299724,2000.0
150,rail_ISL,30.909506088347648,-4.1320174496364075,2000.0
151,rail_PER,30.909506677952272,-4.297493149938045,2000.0
152,rail_NIC,30.909530598881283,-4.316801208573107,2000.0
153,rail_BHR,30.90953305871756,-4.35703646530872,2000.0
154,rail_JAM,30.909528384236246,-4.364554308395546,2000.0
155,rail_GRD,30.909537069142864,-4.437258432145098,2000.0
156,rail_ECU,30.90951171513222,-4.499057429162473,2000.0
157,rail_LSO,30.909520000439432,-4.587747763521982,2000.0
158,rail_TON,30.910542538435838,-4.593526780989547,2000.0
159,rail_MLI,30.90955773598671,-4.632735573049261,2000.0
160,rail_TKM,30.90953849832006,-4.651398997507146,2000.0
161,rail_SYC,30.909649395878418,-4.654805131227448,2000.0
162,rail_ANT,30.909520907160882,-4.697657410058751,2000.0
163,rail_ARM,30.909518328173075,-4.717615867791032,2000.0
164,rail_MAC,30.909503144090795,-4.750730887701864,2000.0
165,rail_GHA,30.90951284729593,-4.763059910126151,2000.0
166,rail_TJK,30.90952317849873,-4.968362572502457,2000.0
167,rail_BTN,30.9095283057055,-5.0043890583728,2000.0
168,rail_COG,30.90952291446452,-5.045490971011497,2000.0
169,rail_BHS,30.909518975514597,-5.0773064112292845,2000.0
170,rail_SLE,30.90950741060057,-5.094904089862551,2000.0
171,rail_TTO,30.90950499387522,-5.096006424165367,2000.0
172,rail_TLS,30.909518313563048,-5.184636417667272,2000.0
173,rail_KIR,30.90951526946847,-5.24090438889638,2000.0
174,rail_UGA,30.90950975561838,-5.286696311691623,2000.0
175,rail_TGO,30.909507014269877,-5.327253669774235,2000.0
176,rail_FLK,30.909503275580803,-5.484544422021397,2000.0
177,rail_CAF,30.909506767320064,-5.495564445897814,2000.0
178,rail_MNP,30.90950310369266,-5.5044964805074805,2000.0
179,rail_GAB,30.909508735828286,-5.545014343973471,2000.0
180,rail_LAO,30.909508646494572,-5.56826695235843,2000.0
181,rail_CMR,30.90950479186194,-5.61989683104086,2000.0
182,rail_NGA,30.909505568756508,-5.735769905514612,2000.0
183,rail_TKL,30.90953397064621,-5.831707903008544,2000.0
184,rail_AFG,30.90951931204353,-5.838716067024757,2000.0
185,rail_NIU,30.90989481158241,-5.964182199791114,2000.0
186,rail_MWI,30.909529732416846,-5.966279022297737,2000.0
187,rail_BGD,30.909590409322284,-5.975119778401748,2000.0
188,rail_DJI,30.90965830038436,-6.015347223893365,2000.0
189,rail_ERI,30.909855138218433,-6.046632583765868,2000.0
190,rail_MNG,30.909502840665223,-6.1481579360037495,2000.0
191,rail_SYR,30.90951679131547,-6.156906018380671,2000.0
192,rail_KWT,30.90950286246195,-6.182026670786088,2000.0
193,rail_PSE,30.909513436127845,-6.215043988647945,2000.0
194,rail_ATG,30.90950585422977,-6.294457335034361,2000.0
195,rail_ASM,30.909546244006147,-6.409560717370431,2000.0
196,rail_SDN,30.909506090330716,-6.5402398942406474,2000.0
197,rail_VGB,30.909565772531217,-6.548402012371676,2000.0
198,rail_SUR,30.909505627457108,-6.576970874852116,2000.0
199,rail_BRN,30.90950679198422,-6.714648501538594,2000.0
200,rail_CUB,30.90955237745104,-6.7369775814093344,2000.0
201,rail_YEM,30.90950992464345,-6.861206824086187,2000.0
202,rail_LCA,30.90954887928603,-6.88946265811903,2000.0
203,rail_ETH,30.909513916724936,-6.952215211275448,2000.0
204,rail_GUY,30.909566150451482,-6.976639188146171,2000.0
205,rail_PLW,30.909670145695088,-6.992847962517404,2000.0
206,rail_CPV,30.90966010153435,-7.0367229706678724,2000.0
207,rail_PRY,30.90952416023935,-7.062559340991383,2000.0
208,rail_NRU,30.909557556810213,-7.213159761971392,2000.0
209,rail_CYM,30.90952473813129,-7.393940432700125,2000.0
210,rail_TCA,30.909605710839603,-7.4048642414100385,2000.0
211,rail_DZA,30.909527766647614,-7.4416730955096675,2000.0
212,rail_NPL,30.909587304329786,-7.449199234090564,2000.0
213,rail_STP,30.909574843858017,-7.478265991609,2000.0
214,rail_MRT,30.90952886050969,-7.5174331595932244,2000.0
215,rail_HTI,30.91018089708704,-7.539291751541185,2000.0
216,rail_AIA,30.90962413856636,-7.741916435659437,2000.0
217,rail_NCL,30.909554557409052,-7.800212747578524,2000.0
218,rail_MYT,30.909595684926998,-8.348511290959857,2000.0
219,rail_AGO,30.90957516582707,-8.422398111466237,2000.0
220,rail_SOM,30.909651665089076,-8.463123202324997,2000.0
221,rail_COK,30.90968214078655,-8.600045270566303,2000.0
222,rail_LBY,30.909587525166117,-8.608109568261952,2000.0
223,rail_UMI,30.909866826917998,-8.630739175584754,2000.0
224,rail_KNA,30.90962267243557,-8.644519053801027,2000.0
225,rail_PYF,30.909624076857547,-8.773432643028796,2000.0
226,rail_SMR,30.909924154249325,-8.777339050451527,2000.0
227,rail_RWA,30.90962115845531,-8.780675336646508,2000.0
228,rail_WSM,30.909615358760643,-8.822475643877699,2000.0
229,rail_LBR,30.909622333810574,-8.966197895838942,2000.0
230,rail_BMU,30.90965275516517,-9.05650834302589,2000.0
231,rail_IRQ,30.909642386608656,-9.290190789030405,2000.0
232,rail_GUM,30.909667528435932,-9.305548318077212,2000.0
233,rail_TCD,30.909768786559688,-9.415458992686807,2000.0
234,rail_VUT,30.909691389291556,-9.515070920808391,2000.0
235,rail_GNQ,30.909670308798404,-9.574668953175687,2000.0
236,rail_BDI,30.909698771751717,-9.805150763839187,2000.0
237,rail_GRL,30.909839774538277,-10.112826560245361,2000.0
238,rail_SLB,30.90976160031421,-10.229563932959497,2000.0
239,rail_GNB,30.90977797879205,-10.471332243500798,2000.0
240,rail_NFK,30.910130497615423,-10.631559523003546,2000.0
3,rail_ZWE,31.252131310065593,33.370166557718534,2005.0
4,rail_MDG,31.252180783444384,22.989164279351794,2005.0
5,rail_MDV,31.25269585683307,21.145424782526597,2005.0
6,rail_AND,31.252188196641505,18.152453040109428,2005.0
7,rail_MWI,31.252163364343023,15.944015230122371,2005.0
8,rail_VAT,31.252444927473075,11.885567917361595,2005.0
9,rail_LBN,31.25189526446392,5.614484718281416,2005.0
10,rail_GNB,31.253449546024658,4.539117118241517,2005.0
11,rail_MYT,31.252966410389295,3.286355781596998,2005.0
12,rail_HRV,31.251894856316948,1.7928685314664996,2005.0
13,rail_GBR,31.251898581925982,1.692554996688119,2005.0
14,rail_KIR,31.25260112387614,1.6628988309017734,2005.0
15,rail_ESH,31.252706759648532,1.6404483443063864,2005.0
16,rail_BGD,31.252034768800645,1.5952552977226686,2005.0
17,rail_SCG,31.251891310385183,1.4521647375661928,2005.0
18,rail_HKG,31.25189333681938,1.3269030605350798,2005.0
19,rail_ATA,31.2525903803219,1.0789237441776618,2005.0
20,rail_SLV,31.251963396755094,0.6606313098366257,2005.0
21,rail_CZE,31.25193522117953,0.4309361590568259,2005.0
22,rail_AUT,31.251971827511053,0.3944973795322544,2005.0
23,rail_WLF,31.252406835676673,0.2936179127474827,2005.0
24,rail_USA,31.251946898018396,0.22861011125697184,2005.0
25,rail_ESP,31.25195693311726,0.22478014724475182,2005.0
26,rail_GUY,31.25222108065436,0.16354435237983633,2005.0
27,rail_REU,1.1249643393758943e-10,4.852886534247704e-11,2005.0
28,rail_GUF,9.111983401569057e-11,1.4938533804220284e-11,2005.0
29,rail_SXM,0.0,0.0,2005.0
30,rail_BLM,0.0,0.0,2005.0
31,rail_CUW,0.0,0.0,2005.0
32,rail_SSD,0.0,0.0,2005.0
33,rail_BVT,0.0,0.0,2005.0
34,rail_MNE,0.0,0.0,2005.0
35,rail_SRB,0.0,0.0,2005.0
36,rail_BES,0.0,0.0,2005.0
37,rail_MTQ,1.5499295683642818e-10,-1.1409171129664126e-10,2005.0
38,rail_GLP,1.2973675331907385e-10,-1.1799889866567686e-10,2005.0
39,rail_DNK,31.251950219341193,-0.017350312971924797,2005.0
40,rail_DEU,31.251981285917513,-0.0901078697093447,2005.0
41,rail_ITA,31.25198908089641,-0.10741889227276191,2005.0
42,rail_SVN,31.251915462427792,-0.13316709292187268,2005.0
43,rail_CHN,31.251903661850623,-0.13332920129870263,2005.0
44,rail_FRA,31.251991029585565,-0.22627579902143902,2005.0
45,rail_GRC,31.25193594151699,-0.24709557786113034,2005.0
46,rail_POL,31.251999030501846,-0.2846035739623247,2005.0
47,rail_BRA,31.252248044659435,-0.3310927738145506,2005.0
48,rail_PRT,31.25209503179705,-0.4442952567711733,2005.0
49,rail_SVK,31.251929605828344,-0.4720609517557728,2005.0
50,rail_TUR,31.252103458260247,-0.49469448728166854,2005.0
51,rail_THA,31.252092406487233,-0.5383446603291958,2005.0
52,rail_MLT,31.25212410213432,-0.6311556151687561,2005.0
53,rail_LKA,31.251932596358362,-0.6475495948191634,2005.0
54,rail_CHE,31.25191677544193,-0.6670118120957653,2005.0
55,rail_NLD,31.25196815721444,-0.6826520220685088,2005.0
56,rail_BEL,31.251993369382113,-0.7486747932343243,2005.0
57,rail_NZL,31.251980955473083,-0.7533337467686083,2005.0
58,rail_CAN,31.2519951017328,-0.7594969010373286,2005.0
59,rail_KAZ,31.252250015183034,-0.8789643868790404,2005.0
60,rail_SWE,31.25201981712766,-0.893722562919967,2005.0
61,rail_PAK,31.251947776897076,-0.954544067142296,2005.0
62,rail_BGR,31.252071335717044,-0.9789552732522475,2005.0
63,rail_LTU,31.251948197547794,-1.0415158278367043,2005.0
64,rail_MUS,31.25190828363848,-1.0791501538436385,2005.0
65,rail_HUN,31.252100856528127,-1.0876567049800265,2005.0
66,rail_ZAF,31.252005610659857,-1.1003326388205987,2005.0
67,rail_TUV,31.252997962195614,-1.1381553793572659,2005.0
68,rail_IND,31.252038643755306,-1.149309613011077,2005.0
69,rail_TZA,31.251996607332128,-1.1908493995504612,2005.0
70,rail_ROU,31.25203735745386,-1.1948813656953878,2005.0
71,rail_FIN,31.251912208392824,-1.248358092191523,2005.0
72,rail_COL,31.251890994604583,-1.2648267364543422,2005.0
73,rail_CYP,31.251889387283686,-1.2893054977393286,2005.0
74,rail_MSR,31.25277062032361,-1.3288099439247816,2005.0
75,rail_LVA,31.251944088041395,-1.3422193112840257,2005.0
76,rail_UKR,31.2520287047573,-1.3478678344342945,2005.0
77,rail_IDN,31.252066488678217,-1.3604972405265365,2005.0
78,rail_VNM,31.25208589488981,-1.3769478914549416,2005.0
79,rail_EST,31.251940442295464,-1.4248992891085726,2005.0
80,rail_KGZ,31.252135358239762,-1.4979641904998835,2005.0
81,rail_JOR,31.25192845353672,-1.5526556526295976,2005.0
82,rail_MEX,31.251997140818965,-1.621646950766055,2005.0
83,rail_MAR,31.252080414486592,-1.6226922244934445,2005.0
84,rail_TUN,31.252033668000593,-1.7071641523683883,2005.0
85,rail_GEO,31.252108143070064,-1.7889681262290613,2005.0
86,rail_BRB,31.252100003639725,-1.8384431551038762,2005.0
87,rail_PHL,31.252086897044872,-1.8576484863575635,2005.0
88,rail_KOR,31.252044720867705,-1.8857444404658972,2005.0
89,rail_ISR,31.251981510030223,-1.905785175536016,2005.0
90,rail_VEN,31.25211484781951,-1.9132541213402448,2005.0
91,rail_AUS,31.25193714070406,-1.917661158337552,2005.0
92,rail_LUX,31.251965452488676,-1.9201977726084578,2005.0
93,rail_ANS,31.25202460275081,-1.9743555381339397,2005.0
94,rail_KEN,31.251893136747317,-1.9876436215194024,2005.0
95,rail_MYS,31.251985745756095,-2.0044844226217213,2005.0
96,rail_ARE,31.25202748711989,-2.0439554273461287,2005.0
97,rail_ARG,31.252009943819377,-2.0644250149625445,2005.0
98,rail_SAU,31.252088416454104,-2.0960851067899284,2005.0
99,rail_NOR,31.252028144425246,-2.1102449259232925,2005.0
100,rail_PRK,31.252044174051598,-2.147341492387677,2005.0
101,rail_MKD,31.252005430020596,-2.1769365634541247,2005.0
102,rail_BIH,31.25192812381744,-2.179215200505641,2005.0
103,rail_TWN,31.251951812786746,-2.2927086803198073,2005.0
104,rail_JPN,31.251931199583225,-2.426187035715463,2005.0
105,rail_GTM,31.25189198187008,-2.43701989227794,2005.0
106,rail_CAF,31.25206138101165,-2.4555569264593773,2005.0
107,rail_MMR,31.25206105573083,-2.459821505383737,2005.0
108,rail_BLR,31.251942894455485,-2.460663061059474,2005.0
109,rail_RUS,31.25199142784441,-2.5019051215828405,2005.0
110,rail_EGY,31.251974614461556,-2.5165982083873955,2005.0
111,rail_MAC,31.25193398261124,-2.5281806876062864,2005.0
112,rail_UMI,31.252322639797967,-2.5669837712696912,2005.0
113,rail_FRO,31.252582184521568,-2.650702186931853,2005.0
114,rail_BWA,31.25201318788046,-2.6765289919614594,2005.0
115,rail_URY,31.25188967076714,-2.678264733295356,2005.0
116,rail_PNG,31.252040509770058,-2.6814925214446945,2005.0
117,rail_IRL,31.251893834123315,-2.691447695033423,2005.0
118,rail_ALB,31.25194344065241,-2.7319101271413437,2005.0
119,rail_CHL,31.251999161420287,-2.7426105720587133,2005.0
120,rail_UGA,31.25200825624678,-2.7618777652734616,2005.0
121,rail_SEN,31.251963946049607,-2.786130678551602,2005.0
122,rail_DOM,31.25190370928406,-2.7991640431542306,2005.0
123,rail_BLZ,31.252002243985118,-2.8406642591098326,2005.0
124,rail_SGP,31.25189087635939,-2.841410979320831,2005.0
125,rail_BOL,31.25200745603786,-2.967153480350461,2005.0
126,rail_IRN,31.251996438571894,-2.9794361617165372,2005.0
127,rail_QAT,31.2520095392465,-3.0093089136066586,2005.0
128,rail_HND,31.251896611442067,-3.1375329318577294,2005.0
129,rail_FJI,31.25191526535555,-3.2475792967096826,2005.0
130,rail_CIV,31.251969839301104,-3.2801884118491555,2005.0
131,rail_YEM,31.251983023697463,-3.339340318141917,2005.0
132,rail_CRI,31.25191468766417,-3.344122496856749,2005.0
133,rail_SLE,31.251894300679872,-3.3470382366849964,2005.0
134,rail_AFG,31.25194659543838,-3.366317993754911,2005.0
135,rail_SWZ,31.25190772168453,-3.4656553642763592,2005.0
136,rail_MLI,31.251962308319726,-3.5155154162538804,2005.0
137,rail_PAN,31.25189526510984,-3.6763817108424264,2005.0
138,rail_SOM,31.251945583554125,-3.755935969287707,2005.0
139,rail_TON,31.251940782309745,-3.769908826501644,2005.0
140,rail_CMR,31.251938320031464,-3.8858005042702057,2005.0
141,rail_UZB,31.251940744331723,-3.8969443001240363,2005.0
142,rail_OMN,31.25193852365957,-3.9009204299665603,2005.0
143,rail_ISL,31.25188948014062,-3.9645375951525397,2005.0
144,rail_BHS,31.251943791543297,-3.972330745206104,2005.0
145,rail_GIN,31.25194289838966,-3.991288478832405,2005.0
146,rail_ECU,31.25192316253067,-3.995699360664236,2005.0
147,rail_MDA,31.251896261195416,-4.0108387391290306,2005.0
148,rail_GUM,31.251903416804307,-4.0159189978047785,2005.0
149,rail_BFA,31.25188923598158,-4.068620307495552,2005.0
150,rail_SYR,31.251889409627566,-4.1226771148229595,2005.0
151,rail_ZMB,31.252047750447627,-4.271045427296394,2005.0
152,rail_BHR,31.251921907455273,-4.300000568728554,2005.0
153,rail_TGO,31.251896260232378,-4.30953703990019,2005.0
154,rail_ANT,31.251918227303886,-4.3391152547470915,2005.0
155,rail_COD,31.25192388942448,-4.351454024430119,2005.0
156,rail_MOZ,31.252198637702772,-4.368577374025989,2005.0
157,rail_GMB,31.251935266594383,-4.444221963303249,2005.0
158,rail_NER,31.251905076426922,-4.482297223072421,2005.0
159,rail_DMA,31.251890547217876,-4.48716869849712,2005.0
160,rail_PER,31.251889107011017,-4.542406756399441,2005.0
161,rail_NGA,31.251916127969608,-4.549913480133871,2005.0
162,rail_JAM,31.251903465787393,-4.654753308082364,2005.0
163,rail_ASM,31.25190759202305,-4.675288469857083,2005.0
164,rail_GHA,31.251920188037758,-4.679322285337788,2005.0
165,rail_NIC,31.251890444246676,-4.80847608907696,2005.0
166,rail_ABW,31.251905214162086,-4.838475276115108,2005.0
167,rail_TCA,31.25188912634436,-4.932263739374513,2005.0
168,rail_AZE,31.25189690649568,-5.005961877142651,2005.0
169,rail_DJI,31.251890507265127,-5.055392851191105,2005.0
170,rail_DZA,31.25189521069063,-5.27679012462357,2005.0
171,rail_TTO,31.251893348816317,-5.382070916083395,2005.0
172,rail_SUR,31.251892426668498,-5.435027580177134,2005.0
173,rail_VCT,31.251891529297076,-5.497899448078524,2005.0
174,rail_SDN,31.251890945356337,-5.574399569075977,2005.0
175,rail_TLS,31.25189044173578,-5.57586579609316,2005.0
176,rail_AGO,31.25189027558836,-5.665719454137084,2005.0
177,rail_COG,31.251889463681984,-5.775831319388166,2005.0
178,rail_GRD,31.252004043456232,-5.869797829066728,2005.0
179,rail_KWT,31.251889224146687,-5.913071476418972,2005.0
180,rail_IRQ,31.251889094528092,-5.936138453102438,2005.0
181,rail_SPM,31.251889388860484,-5.9377315399515815,2005.0
182,rail_STP,31.251964906836932,-5.977146390433483,2005.0
183,rail_LBY,31.251889182641136,-6.036004031135503,2005.0
184,rail_LAO,31.251891428481038,-6.098043298119135,2005.0
185,rail_NFK,31.251898200297298,-6.1934312203008695,2005.0
186,rail_GNQ,31.251890185745832,-6.235578509655226,2005.0
187,rail_ATF,31.251891360779616,-6.258666043432916,2005.0
188,rail_PRY,31.25189528238177,-6.259778450360429,2005.0
189,rail_ARM,31.251967728449845,-6.278601609473431,2005.0
190,rail_VGB,31.25189200871122,-6.324222642946015,2005.0
191,rail_NRU,31.251899747101305,-6.387279541308247,2005.0
192,rail_KNA,31.25189428616664,-6.422823664124163,2005.0
193,rail_TJK,31.25189492069783,-6.554599728662616,2005.0
194,rail_NPL,31.25195800746206,-6.574647046563076,2005.0
195,rail_TKL,31.252203619777553,-6.699995545334042,2005.0
196,rail_VUT,31.25189738833799,-6.704972514805057,2005.0
197,rail_ATG,31.251902203428095,-6.743392132879544,2005.0
198,rail_MNP,31.25214761380304,-6.749698936196595,2005.0
199,rail_FSM,31.25195169860832,-6.757448767812336,2005.0
200,rail_CXR,31.251900263028585,-6.772058863251907,2005.0
201,rail_BEN,31.25193168912768,-6.886292581132227,2005.0
202,rail_SMR,31.252355842065523,-6.961450578109663,2005.0
203,rail_IOT,31.252529997524697,-7.132184820084703,2005.0
204,rail_HTI,31.251988764139973,-7.142313383293267,2005.0
205,rail_AIA,31.251992430770166,-7.1569065709693795,2005.0
206,rail_TKM,31.251911996695863,-7.2212140489364245,2005.0
207,rail_CUB,31.25208764535521,-7.267864705716057,2005.0
208,rail_FLK,31.251936633429384,-7.317368175364347,2005.0
209,rail_ETH,31.25193199527499,-7.399012096960714,2005.0
210,rail_TCD,31.251919306190693,-7.416150920443334,2005.0
211,rail_CPV,31.252059588930145,-7.419903365896355,2005.0
212,rail_ERI,31.25196078639271,-7.459340939309033,2005.0
213,rail_BRN,31.251926152021063,-7.562870319591914,2005.0
214,rail_RWA,31.25203650461385,-7.580641916773774,2005.0
215,rail_PSE,31.25195058876621,-7.6582734727648925,2005.0
216,rail_BDI,31.251937877506133,-7.7117768948455465,2005.0
217,rail_COK,31.25196365538999,-7.837270980472154,2005.0
218,rail_MNG,31.25220237212595,-7.886089801436437,2005.0
219,rail_SHN,31.252048984577048,-7.987080670324892,2005.0
220,rail_LCA,31.252043698557436,-8.289178049433591,2005.0
221,rail_CCK,31.252103189766025,-8.330072271435993,2005.0
222,rail_WSM,31.252016272800184,-8.350780771022102,2005.0
223,rail_GIB,31.251987457050223,-8.359894787224288,2005.0
224,rail_SLB,31.251988094976667,-8.561570963630512,2005.0
225,rail_PLW,31.25207175606384,-8.563574418146525,2005.0
226,rail_PCN,31.25207977464945,-8.72391756854493,2005.0
227,rail_SYC,31.25235803635484,-8.901975753893332,2005.0
228,rail_CYM,31.252014397203965,-8.909547027618249,2005.0
229,rail_GAB,31.252064096366375,-8.956759293987378,2005.0
230,rail_MRT,31.25202824365107,-9.024767886152079,2005.0
231,rail_MHL,31.25202489816674,-9.039127508279325,2005.0
232,rail_NCL,31.252456484939188,-9.13349304845885,2005.0
233,rail_COM,31.252542341956065,-9.239589688192119,2005.0
234,rail_PYF,31.252147350502003,-9.24065367100814,2005.0
235,rail_LSO,31.252259768599515,-9.42753475570875,2005.0
236,rail_BTN,31.252200454729888,-10.132034677819485,2005.0
237,rail_GRL,31.252458545201108,-11.104528105275055,2005.0
238,rail_BMU,31.252294626163142,-11.16899688521417,2005.0
239,rail_SGS,31.252516008713165,-11.883130946978596,2005.0
240,rail_LBR,31.252508302364536,-12.418211276856471,2005.0
3,rail_LKA,30.37907626482203,10.150747265051624,2010.0
4,rail_KIR,30.379149175925722,8.090453322378583,2010.0
5,rail_MDG,30.378955017830243,7.988368588049076,2010.0
6,rail_LBN,30.37881460428876,7.809832930833923,2010.0
7,rail_SGS,30.378956021035968,5.593517901007707,2010.0
8,rail_CCK,30.379913618844878,3.822086765090293,2010.0
9,rail_HKG,30.37881496024962,3.5960156532162344,2010.0
10,rail_THA,30.378801856285257,3.491518013036149,2010.0
11,rail_NIC,30.37899930790677,3.289018179184583,2010.0
12,rail_SRB,30.37881341927303,2.51647952556491,2010.0
13,rail_SLV,30.37888943872731,2.32208542673472,2010.0
14,rail_GBR,30.37881114302133,1.9903356223334527,2010.0
15,rail_ESH,30.3794415807006,1.3236293717132819,2010.0
16,rail_EST,30.378814834641734,0.9208747845424978,2010.0
17,rail_ATA,30.37922260089152,0.9190251833495715,2010.0
18,rail_MUS,30.378808309976062,0.757545745251208,2010.0
19,rail_AUT,30.37889391865707,0.7537518248339377,2010.0
20,rail_BRA,30.379273482802848,0.7330247169836104,2010.0
21,rail_CZE,30.37884380380508,0.6893983552216705,2010.0
22,rail_DNK,30.378879357960017,0.6199526656869108,2010.0
23,rail_USA,30.37886409449431,0.6155804608061306,2010.0
24,rail_SPM,30.379239874251656,0.5960592226412846,2010.0
25,rail_ATF,30.379279928791448,0.522021572896824,2010.0
26,rail_LVA,30.378825753112316,0.44436049262393773,2010.0
27,rail_ITA,30.378916014618675,0.41157126669881394,2010.0
28,rail_DEU,30.37889978317015,0.40083082797625713,2010.0
29,rail_POL,30.37889784917394,0.3357605026276071,2010.0
30,rail_VNM,30.379107481503066,0.30643663302470014,2010.0
31,rail_PRT,30.379015813643964,0.21787674762627696,2010.0
32,rail_BEL,30.378895279858472,0.2122843706039772,2010.0
33,rail_BVT,30.37923245697593,0.18096071879757836,2010.0
34,rail_FRA,30.378904072524946,0.1783526472091539,2010.0
35,rail_ESP,30.378924872610725,0.17718884023955003,2010.0
36,rail_TUR,30.379046202083995,0.12882037672419466,2010.0
37,rail_CHN,30.37882671494606,0.12487032147438493,2010.0
38,rail_REU,1.4520933439868332e-10,1.8501969426440651e-10,2010.0
39,rail_GLP,1.415805180973386e-10,9.928882094343668e-11,2010.0
40,rail_MTQ,1.1904838781073523e-10,5.888857813626244e-11,2010.0
41,rail_GUF,1.4628562767190052e-10,1.0956440452367222e-11,2010.0
42,rail_SXM,0.0,0.0,2010.0
43,rail_SSD,0.0,0.0,2010.0
44,rail_CUW,0.0,0.0,2010.0
45,rail_BLM,0.0,0.0,2010.0
46,rail_BES,0.0,0.0,2010.0
47,rail_SCG,1.2708314137942212e-10,-1.014827328476563e-11,2010.0
48,rail_PAK,30.37891011816037,-0.0464120585815575,2010.0
49,rail_SWE,30.37890270564638,-0.0630252647100844,2010.0
50,rail_NLD,30.37887692687499,-0.06558511458547756,2010.0
51,rail_SVN,30.37885301284572,-0.12498120245445232,2010.0
52,rail_LTU,30.378846454272097,-0.18295350755162665,2010.0
53,rail_KEN,30.378802792694998,-0.1919715930042729,2010.0
54,rail_GRC,30.378836071342725,-0.2090607950368648,2010.0
55,rail_HRV,30.3788290716141,-0.2522704489387664,2010.0
56,rail_ROU,30.37901091442916,-0.3199074527049717,2010.0
57,rail_BGR,30.379022022148952,-0.32844526166566945,2010.0
58,rail_AND,30.378915231091714,-0.34355996047939996,2010.0
59,rail_IDN,30.3790519313797,-0.3790727029323222,2010.0
60,rail_NZL,30.378889907952363,-0.42975982112132605,2010.0
61,rail_LUX,30.378915807675387,-0.5411904892224919,2010.0
62,rail_CAN,30.37893398121735,-0.5538681324293007,2010.0
63,rail_CHE,30.378846410847373,-0.6036358721860042,2010.0
64,rail_ZAF,30.37896228089033,-0.6386693570024773,2010.0
65,rail_HND,30.378831638474914,-0.661932678472819,2010.0
66,rail_ANS,30.378925344947675,-0.6807704544797439,2010.0
67,rail_FIN,30.378850143209206,-0.7202755924832775,2010.0
68,rail_MYS,30.378926151674996,-0.7408245974000597,2010.0
69,rail_IND,30.378971581182604,-0.7530624912732673,2010.0
70,rail_HUN,30.3789608116382,-0.7839105976791496,2010.0
71,rail_GHA,30.3790816356749,-0.7973313326919953,2010.0
72,rail_SVK,30.378895227713215,-0.9026375045897328,2010.0
73,rail_MEX,30.37895503917821,-0.9244351025883584,2010.0
74,rail_UKR,30.378906285122223,-0.9386953594802189,2010.0
75,rail_CYP,30.378806875170127,-0.9697071364642301,2010.0
76,rail_CXR,30.380152895964777,-0.9857543732863139,2010.0
77,rail_KOR,30.379003511502106,-1.026858134625386,2010.0
78,rail_MAR,30.378989405826683,-1.102515417407774,2010.0
79,rail_JOR,30.378825434880437,-1.1887893861327834,2010.0
80,rail_SWZ,30.3788374869126,-1.209318703103886,2010.0
81,rail_ISR,30.37893431721025,-1.2152559571338781,2010.0
82,rail_MAC,30.378847928586428,-1.310138947403114,2010.0
83,rail_EGY,30.378938769926165,-1.3120712089023332,2010.0
84,rail_NOR,30.37897867633289,-1.3709958930140331,2010.0
85,rail_ARG,30.378958448318663,-1.4341854352550816,2010.0
86,rail_GEO,30.378986123499388,-1.4399040315122282,2010.0
87,rail_ARE,30.37890280743712,-1.4437789337694238,2010.0
88,rail_BIH,30.378867024665293,-1.5462485777879351,2010.0
89,rail_BRB,30.37882550378128,-1.551610037969131,2010.0
90,rail_DOM,30.378802762557395,-1.5829538469915398,2010.0
91,rail_MMR,30.37900357223935,-1.6055462273901155,2010.0
92,rail_JPN,30.37887999019134,-1.6309448698272875,2010.0
93,rail_PHL,30.378932988032595,-1.6867301084028283,2010.0
94,rail_VEN,30.37899310359741,-1.6974556851404807,2010.0
95,rail_IRL,30.378800832754006,-1.7053454312440661,2010.0
96,rail_CIV,30.378976583437563,-1.7229785121356764,2010.0
97,rail_TUN,30.37886150037043,-1.7435672320623543,2010.0
98,rail_DMA,30.378845015331304,-1.7708812070485502,2010.0
99,rail_AFG,30.378804275255398,-1.7813734410762248,2010.0
100,rail_BLR,30.378827655158346,-1.818665909469837,2010.0
101,rail_PRK,30.378936033105113,-1.8350807616550489,2010.0
102,rail_RUS,30.378935820470264,-1.9037959634736228,2010.0
103,rail_TZA,30.378929183829918,-1.9208899937624628,2010.0
104,rail_TWN,30.37886786926106,-1.9284460357451563,2010.0
105,rail_MKD,30.378872121170716,-1.9423759614863387,2010.0
106,rail_BWA,30.37893453716444,-1.9573163132684708,2010.0
107,rail_ALB,30.378820142051083,-1.9625056179872484,2010.0
108,rail_IRN,30.37894369123586,-2.0510353732298388,2010.0
109,rail_CHL,30.378927243324064,-2.0990109457210218,2010.0
110,rail_GTM,30.378814562520603,-2.115108062069919,2010.0
111,rail_COD,30.37894922826384,-2.1374743384209043,2010.0
112,rail_AUS,30.37885810535175,-2.182008924658735,2010.0
113,rail_SEN,30.378906575880787,-2.196471843608063,2010.0
114,rail_KAZ,30.378937425781615,-2.2218797866591036,2010.0
115,rail_MNE,30.378818294130138,-2.326800093234597,2010.0
116,rail_PLW,30.379159624614843,-2.332211507256707,2010.0
117,rail_COL,30.378802902690303,-2.506818105666485,2010.0
118,rail_PAN,30.378801498962268,-2.5210563208793584,2010.0
119,rail_KGZ,30.378875201916134,-2.550283562696674,2010.0
120,rail_MLT,30.379078550515267,-2.611875965186648,2010.0
121,rail_SGP,30.378809813182645,-2.616950426568397,2010.0
122,rail_OMN,30.3788818446908,-2.8234913184075574,2010.0
123,rail_UGA,30.37883511770563,-2.8360385272483164,2010.0
124,rail_YEM,30.37888699605303,-2.856579298389771,2010.0
125,rail_ISL,30.37882975626971,-2.8724156422305125,2010.0
126,rail_MDA,30.37881515709171,-2.8729266978669794,2010.0
127,rail_MNP,30.37885318550871,-3.021007095749922,2010.0
128,rail_MLI,30.378868156956013,-3.0936482873403084,2010.0
129,rail_ECU,30.378830146058842,-3.106651157867128,2010.0
130,rail_COG,30.37887116655985,-3.131736554626042,2010.0
131,rail_FJI,30.37880102561379,-3.1578505110585917,2010.0
132,rail_TCD,30.37886706841858,-3.22525026702495,2010.0
133,rail_SUR,30.378863436264275,-3.2349794063089066,2010.0
134,rail_CPV,30.378858187955,-3.2499988984883,2010.0
135,rail_GAB,30.3788587979398,-3.3543508770754364,2010.0
136,rail_ETH,30.3788486239374,-3.389837501016226,2010.0
137,rail_BGD,30.378800925244498,-3.4182533166708478,2010.0
138,rail_GUM,30.3788007852594,-3.419595642308866,2010.0
139,rail_ARM,30.37882846356143,-3.4418487201428904,2010.0
140,rail_PNG,30.378852908513046,-3.4591376373249307,2010.0
141,rail_SYR,30.378801488932574,-3.4607943304471664,2010.0
142,rail_NGA,30.37885108732316,-3.479919023454208,2010.0
143,rail_GIB,30.37884721906104,-3.4887152597624462,2010.0
144,rail_CRI,30.37880882273116,-3.49012160225646,2010.0
145,rail_PER,30.378817984309233,-3.5552324563338944,2010.0
146,rail_JAM,30.378816408785298,-3.60039424669618,2010.0
147,rail_SAU,30.378831837840238,-3.637085665500946,2010.0
148,rail_CMR,30.3788246932683,-3.7278144967891844,2010.0
149,rail_AZE,30.378836730233004,-3.741400918409909,2010.0
150,rail_BOL,30.37883237841946,-3.8059641663073336,2010.0
151,rail_PSE,30.378801151205987,-3.8124034987264546,2010.0
152,rail_UZB,30.37882515497241,-3.8237982803401485,2010.0
153,rail_BFA,30.378829325339343,-3.9031612158713154,2010.0
154,rail_URY,30.378801504226377,-3.9246663860615993,2010.0
155,rail_NIU,30.38053029542166,-3.9751685530683254,2010.0
156,rail_SMR,30.37913624103084,-4.023942481395266,2010.0
157,rail_BRN,30.378824345135335,-4.0893343692315085,2010.0
158,rail_BLZ,30.378809105450557,-4.220514885315325,2010.0
159,rail_GUY,30.378815189925305,-4.264108732125889,2010.0
160,rail_MWI,30.378805255060623,-4.30084881877475,2010.0
161,rail_MRT,30.3788154067233,-4.3608570556948685,2010.0
162,rail_WSM,30.37880401280349,-4.403947528241083,2010.0
163,rail_NPL,30.37880274614762,-4.419577790292516,2010.0
164,rail_PRY,30.378809088339906,-4.499311827937109,2010.0
165,rail_NER,30.37880533555369,-4.545219033027668,2010.0
166,rail_TGO,30.37880073373922,-4.556276107778108,2010.0
167,rail_GNQ,30.37880941749709,-4.599964306281648,2010.0
168,rail_COM,30.37880557750682,-4.707313526889067,2010.0
169,rail_RWA,30.378802948054542,-4.708915362556345,2010.0
170,rail_ABW,30.3788008380238,-4.736909228818266,2010.0
171,rail_ASM,30.37888361099685,-4.746254218133049,2010.0
172,rail_ZMB,30.378800870692494,-4.759913993159596,2010.0
173,rail_ANT,30.378800802146014,-4.76482168531129,2010.0
174,rail_SHN,30.37986034790527,-4.801586931444437,2010.0
175,rail_TCA,30.378802779153382,-4.821923406849879,2010.0
176,rail_VCT,30.37880118511309,-4.836570047037499,2010.0
177,rail_SLE,30.378821461028412,-4.9001268180443205,2010.0
178,rail_TTO,30.378800920294587,-4.963339827311549,2010.0
179,rail_TKM,30.378802971456143,-4.978403028129652,2010.0
180,rail_SOM,30.37880075050504,-4.999460420767846,2010.0
181,rail_CAF,30.37880078741164,-5.080888895517591,2010.0
182,rail_DZA,30.378801722661578,-5.097271183512742,2010.0
183,rail_GRD,30.378865109295283,-5.107355235840573,2010.0
184,rail_BHR,30.378812502317036,-5.167077790380753,2010.0
185,rail_BHS,30.378800925847553,-5.235533581595518,2010.0
186,rail_MOZ,30.378963270698673,-5.251292430647773,2010.0
187,rail_GNB,30.378800823004394,-5.296080742762214,2010.0
188,rail_TON,30.378867507322255,-5.374005100649198,2010.0
189,rail_VAT,30.37938875984932,-5.448035469480888,2010.0
190,rail_ERI,30.378811149380446,-5.514750009307194,2010.0
191,rail_SYC,30.378974251419066,-5.555654851000428,2010.0
192,rail_GMB,30.37906116714901,-5.724972897211313,2010.0
193,rail_FSM,30.378813293895202,-5.726409392865062,2010.0
194,rail_NFK,30.37880769274985,-5.954508535458236,2010.0
195,rail_ATG,30.37881517247267,-5.963457953801769,2010.0
196,rail_TKL,30.378948049010493,-6.02188025048,2010.0
197,rail_GIN,30.378808754794303,-6.068811931821855,2010.0
198,rail_AIA,30.378831514213033,-6.097595138649838,2010.0
199,rail_VGB,30.378834540942748,-6.1718244125582755,2010.0
200,rail_LSO,30.3788379561686,-6.22743306115854,2010.0
201,rail_LBY,30.378811683996858,-6.256962905023252,2010.0
202,rail_MYT,30.379050067253164,-6.3502112776446085,2010.0
203,rail_LCA,30.378900616443836,-6.407878925005539,2010.0
204,rail_QAT,30.37881769695802,-6.428857535037572,2010.0
205,rail_DJI,30.37882752070409,-6.494105360135534,2010.0
206,rail_FRO,30.37887364324522,-6.6059967697597015,2010.0
207,rail_SDN,30.37882506712255,-6.632042966154099,2010.0
208,rail_COK,30.378852806028917,-6.687374392851821,2010.0
209,rail_BTN,30.378828699503266,-6.750476754142879,2010.0
210,rail_KNA,30.379613696606004,-6.767920127704726,2010.0
211,rail_STP,30.378994184927418,-6.877714483299851,2010.0
212,rail_AGO,30.37883350993575,-6.888790200431625,2010.0
213,rail_TJK,30.378840959261957,-6.97374235491118,2010.0
214,rail_BEN,30.378866737976463,-7.15870553579202,2010.0
215,rail_HTI,30.378945504079304,-7.190094854633524,2010.0
216,rail_MDV,30.378939342065642,-7.212079254837532,2010.0
217,rail_MNG,30.378855647326432,-7.318443184799058,2010.0
218,rail_CUB,30.37890530426266,-7.553749738901208,2010.0
219,rail_IOT,30.37923907479068,-7.9064354008969175,2010.0
220,rail_KWT,30.379009554330622,-8.053262785870675,2010.0
221,rail_BDI,30.3789414843743,-8.07076032507888,2010.0
222,rail_MSR,30.37894970030323,-8.123783615064063,2010.0
223,rail_PCN,30.379006316107347,-8.13838888942302,2010.0
224,rail_TUV,30.37898357028657,-8.243512698834481,2010.0
225,rail_LAO,30.379015389193754,-8.316020985373841,2010.0
226,rail_PYF,30.37899906921201,-8.339647447724428,2010.0
227,rail_NCL,30.37908973827566,-8.37646995140551,2010.0
228,rail_CYM,30.378944358919092,-8.429429843944364,2010.0
229,rail_UMI,30.37910527033523,-8.458393779430542,2010.0
230,rail_VUT,30.37896523271325,-8.703108518815512,2010.0
231,rail_WLF,30.37902761176656,-8.718902673685538,2010.0
232,rail_NRU,30.37909502964738,-8.872333210432876,2010.0
233,rail_GRL,30.37902521697577,-8.979041945780445,2010.0
234,rail_SLB,30.378992560363773,-9.004858082760137,2010.0
235,rail_TLS,30.379755474844266,-9.792886329337556,2010.0
236,rail_FLK,30.37927895779533,-9.913468449120405,2010.0
237,rail_LBR,30.37915398089066,-10.155501464100528,2010.0
238,rail_IRQ,30.37916275169597,-10.35932394518402,2010.0
239,rail_BMU,30.379193210483372,-10.45449463047589,2010.0
240,rail_MHL,30.379875826101774,-13.29043889785152,2010.0
3,rail_SDN,30.049441744032645,11.807183706168285,2015.0
4,rail_BRB,30.04870124145903,7.54831750820522,2015.0
5,rail_COK,30.049098971499696,5.750588540993788,2015.0
6,rail_LKA,30.04823331411663,4.892252145565754,2015.0
7,rail_SLV,30.04826282609227,4.798241183770813,2015.0
8,rail_HKG,30.048139533465694,4.558259654710787,2015.0
9,rail_POL,30.048177575503697,3.3846298132398442,2015.0
10,rail_GBR,30.048139980888113,3.2008597653044952,2015.0
11,rail_AND,30.048197063059067,3.138684879440665,2015.0
12,rail_BRA,30.048528451811972,3.050188729291091,2015.0
13,rail_HRV,30.048168458098644,3.0084071247924706,2015.0
14,rail_LVA,30.048147130735373,2.9962082232193494,2015.0
15,rail_THA,30.048404229801605,2.9488707318469896,2015.0
16,rail_IDN,30.048422537707314,2.8406348571193645,2015.0
17,rail_LUX,30.048143699544312,2.7999368873004418,2015.0
18,rail_MUS,30.048200982093714,2.789372774795782,2015.0
19,rail_DNK,30.04818641209489,2.644156144424396,2015.0
20,rail_AUT,30.048227065069746,2.6297200055924677,2015.0
21,rail_PRT,30.048330958471563,2.584919604270458,2015.0
22,rail_SRB,30.04816283970988,2.54606932143858,2015.0
23,rail_ITA,30.04824276129182,2.5403338551797576,2015.0
24,rail_SVN,30.048172830379166,2.4790789135358806,2015.0
25,rail_USA,30.048210875777787,2.4397827478204195,2015.0
26,rail_TUR,30.048338600165685,2.429630687233625,2015.0
27,rail_DEU,30.04823421238988,2.379255198858714,2015.0
28,rail_ESP,30.04824648495882,2.3708226135754957,2015.0
29,rail_BEL,30.048220784794264,2.346166025378852,2015.0
30,rail_NLD,30.048201069249018,2.3370284914742787,2015.0
31,rail_LTU,30.048210071444476,2.2880250777087765,2015.0
32,rail_CZE,30.048189471777583,2.2351176594471287,2015.0
33,rail_SWE,30.04820030500302,2.2226305477494623,2015.0
34,rail_FRA,30.04823715062027,2.220556092231713,2015.0
35,rail_EST,30.048175610934432,2.2062367138864025,2015.0
36,rail_FIN,30.048174763212756,2.1860835417632796,2015.0
37,rail_VNM,30.04836099236406,2.126344337561699,2015.0
38,rail_HUN,30.04828191874795,2.0569594295187237,2015.0
39,rail_CHN,30.048170141815994,2.023714140470089,2015.0
40,rail_CIV,30.04842013291242,2.0209198098901364,2015.0
41,rail_SGS,30.04843019265,1.9994845603421503,2015.0
42,rail_KOR,30.04837033827945,1.92966676780454,2015.0
43,rail_IND,30.048287920497827,1.9276902483470884,2015.0
44,rail_BGR,30.048218732972675,1.9103451846190596,2015.0
45,rail_ROU,30.048272534329143,1.8573556653956036,2015.0
46,rail_ANS,30.04825272729493,1.8502916181798765,2015.0
47,rail_CAN,30.048261858507274,1.8105773433562635,2015.0
48,rail_PAK,30.048167549259055,1.7368092687194634,2015.0
49,rail_MYS,30.048191189293796,1.6692921244777879,2015.0
50,rail_NZL,30.04820291524164,1.6533025593918294,2015.0
51,rail_TUN,30.04826840497662,1.6193716865811196,2015.0
52,rail_ZAF,30.048301142512035,1.613234630611288,2015.0
53,rail_YEM,30.0483821940189,1.5842990647199304,2015.0
54,rail_KEN,30.048145126206553,1.5810956409297732,2015.0
55,rail_NAM,30.048155739825464,1.5802264958933918,2015.0
56,rail_SVK,30.048246432930814,1.5255347641742294,2015.0
57,rail_GRC,30.04816739497696,1.5092891309697365,2015.0
58,rail_MEX,30.048262767680285,1.42638281955064,2015.0
59,rail_CRI,30.048139356269544,1.413052609201805,2015.0
60,rail_JPN,30.048261108593877,1.2698310294397084,2015.0
61,rail_OMN,30.048335023217817,1.2389748151571953,2015.0
62,rail_EGY,30.04824090562176,1.1977638617409179,2015.0
63,rail_MAC,30.04825318386699,1.1498663174786818,2015.0
64,rail_NOR,30.048285564141338,1.0968102587053616,2015.0
65,rail_LAO,30.048237599884626,1.092089153663533,2015.0
66,rail_UKR,30.04821023660754,1.0891904551985006,2015.0
67,rail_BLR,30.04822558432563,1.0528996013441798,2015.0
68,rail_KGZ,30.048304043552378,1.0238041107643097,2015.0
69,rail_CHE,30.048173065832113,0.9871855400476528,2015.0
70,rail_BIH,30.04814702984046,0.9869578127216577,2015.0
71,rail_DOM,30.048143869195304,0.9661550844695732,2015.0
72,rail_MAR,30.048275955651,0.9212354393991408,2015.0
73,rail_RUS,30.04826910224798,0.9169571290643157,2015.0
74,rail_TGO,30.048299903696083,0.8794103227766525,2015.0
75,rail_ISR,30.048221574014615,0.8663409500852262,2015.0
76,rail_IRN,30.048302523675094,0.8568454550811673,2015.0
77,rail_PRK,30.048286453057447,0.8554534226856139,2015.0
78,rail_ARE,30.048184120034787,0.7640849697420691,2015.0
79,rail_SAU,30.0482894352998,0.7400005373776675,2015.0
80,rail_ARG,30.04825675921891,0.7190258856964472,2015.0
81,rail_CHL,30.048270522764227,0.6861600028621648,2015.0
82,rail_MNE,30.048241355533737,0.6825596668644756,2015.0
83,rail_IRL,30.048137823814248,0.6723451652996283,2015.0
84,rail_PHL,30.04823799147006,0.6522164472784617,2015.0
85,rail_JOR,30.048198274494922,0.5925970480638998,2015.0
86,rail_KAZ,30.048272546445713,0.5918493833897823,2015.0
87,rail_GHA,30.048277761224043,0.5528122521261952,2015.0
88,rail_TWN,30.04818236109263,0.4576368161084139,2015.0
89,rail_BWA,30.048229313108425,0.38383779948449825,2015.0
90,rail_CYP,30.04817304785472,0.3185459102362211,2015.0
91,rail_AUS,30.048182315255467,0.24295894780376157,2015.0
92,rail_GTM,30.04814184385114,0.17316085491163097,2015.0
93,rail_SGP,30.048147292417145,0.17211711968105237,2015.0
94,rail_MKD,30.04820182740391,0.14586222377804775,2015.0
95,rail_GEO,30.04818307114739,0.11662490694734684,2015.0
96,rail_SCG,9.985951787858967e-11,1.6646143673414078e-11,2015.0
97,rail_ANT,1.5181055882112647e-10,6.266509775859605e-12,2015.0
98,rail_MYT,1.4767122272005605e-14,1.9461207682487738e-15,2015.0
99,rail_WLF,2.664307026437358e-14,1.3698846457431776e-15,2015.0
100,rail_REU,5.364731679334719e-11,-2.0325893208329108e-12,2015.0
101,rail_MTQ,7.525499469983768e-11,-2.681856338589236e-11,2015.0
102,rail_GLP,1.4489800550288424e-10,-3.181388401783573e-11,2015.0
103,rail_GUF,1.2231822467151988e-10,-4.882318003919438e-11,2015.0
104,rail_AZE,30.04823364598694,-0.006829060589619074,2015.0
105,rail_CMR,30.048224989133335,-0.012160015667946028,2015.0
106,rail_ABW,30.048195045468653,-0.027675990229941216,2015.0
107,rail_MWI,30.04821778682584,-0.032547897990983815,2015.0
108,rail_VCT,30.048224636372915,-0.036073878152034666,2015.0
109,rail_NGA,30.048218879628003,-0.23013120577613422,2015.0
110,rail_CAF,30.048216764637214,-0.25581661994136085,2015.0
111,rail_FJI,30.048154249595186,-0.3179897474505805,2015.0
112,rail_TZA,30.048180328535157,-0.3196356992624836,2015.0
113,rail_HND,30.0482582977443,-0.32172180735846223,2015.0
114,rail_ECU,30.0481860592692,-0.36771625854725265,2015.0
115,rail_SEN,30.04817693350487,-0.4062774016718407,2015.0
116,rail_GUY,30.048203300325998,-0.43005893901753,2015.0
117,rail_SUR,30.048203153276795,-0.4567748284673064,2015.0
118,rail_COL,30.04814264165556,-0.47300620691286843,2015.0
119,rail_UGA,30.048150518846914,-0.578246947178013,2015.0
120,rail_BHR,30.048134316504623,-0.5879054371463972,2015.0
121,rail_PAN,30.048134414729976,-0.6345182376328529,2015.0
122,rail_PER,30.048157562907566,-0.6508879778721751,2015.0
123,rail_KWT,30.048191164242652,-0.6554029371266982,2015.0
124,rail_ISL,30.04813780244013,-0.6735194912701581,2015.0
125,rail_MMR,30.048181554299745,-0.709717671989075,2015.0
126,rail_PNG,30.048189886837545,-0.711351491362866,2015.0
127,rail_ETH,30.04818109419222,-0.7406801906960032,2015.0
128,rail_MDA,30.048139923536866,-0.8585609689024662,2015.0
129,rail_BGD,30.048134438156243,-0.8585979855788739,2015.0
130,rail_DZA,30.048181622008773,-0.872463560504326,2015.0
131,rail_STP,30.048152915931272,-0.8952790392438348,2015.0
132,rail_ZWE,30.04815519736708,-0.9126967199923267,2015.0
133,rail_KHM,30.04813711958906,-0.9131312276785803,2015.0
134,rail_GUM,30.048144497771165,-0.9254079878611886,2015.0
135,rail_TCA,30.048169249713716,-0.9709059717676506,2015.0
136,rail_BDI,30.04817138670856,-1.032267536048261,2015.0
137,rail_VGB,30.048153627733146,-1.0339408001366608,2015.0
138,rail_ZMB,30.048161403061744,-1.0573706901339703,2015.0
139,rail_URY,30.04815098261167,-1.1021339169105535,2015.0
140,rail_VEN,30.048167766637672,-1.1515482620031796,2015.0
141,rail_RWA,30.048155608464636,-1.1840456597714686,2015.0
142,rail_JAM,30.048158373247944,-1.1970311697659466,2015.0
143,rail_ARM,30.0481511292976,-1.1980422557193178,2015.0
144,rail_ALB,30.048139302585582,-1.2198317682351287,2015.0
145,rail_GNB,30.048165509058403,-1.2258321430286059,2015.0
146,rail_TCD,30.04816436173066,-1.2573480049174228,2015.0
147,rail_MOZ,30.048148647941417,-1.4174110494576215,2015.0
148,rail_LBY,30.04815606120976,-1.4784449314398171,2015.0
149,rail_SYR,30.04822086580079,-1.493649408976603,2015.0
150,rail_MLT,30.04815587903206,-1.5219184133404091,2015.0
151,rail_PSE,30.048134179998396,-1.5229030882524048,2015.0
152,rail_ESH,30.048444672865237,-1.6751190051114992,2015.0
153,rail_ASM,30.04813663408495,-1.8227799805455986,2015.0
154,rail_SLB,30.04814459008093,-1.8733293976974292,2015.0
155,rail_SYC,30.048135956471263,-1.9423505544411717,2015.0
156,rail_SSD,30.04814192347753,-1.9947804246878869,2015.0
157,rail_GNQ,30.04814153985225,-2.0135156665791105,2015.0
158,rail_TTO,30.048134064643392,-2.0273787176262026,2015.0
159,rail_MSR,30.048285356408805,-2.072516042796925,2015.0
160,rail_MDG,30.04829909926847,-2.0741531584270723,2015.0
161,rail_BTN,30.048139997932168,-2.077109119042388,2015.0
162,rail_BLZ,30.04815877464559,-2.088924729204447,2015.0
163,rail_COG,30.048138326637115,-2.1813617792639324,2015.0
164,rail_NFK,30.048136763217823,-2.222105307909598,2015.0
165,rail_AFG,30.048134261839145,-2.244889536909656,2015.0
166,rail_COD,30.04813702231712,-2.271553649272069,2015.0
167,rail_BOL,30.048136256417838,-2.2931666065232688,2015.0
168,rail_UMI,30.048448947411945,-2.30333034965798,2015.0
169,rail_SWZ,30.048180480181383,-2.3422691427115003,2015.0
170,rail_GAB,30.048135401610434,-2.3887281394940167,2015.0
171,rail_FSM,30.048134398691058,-2.4568283814016683,2015.0
172,rail_CUW,30.048134129354125,-2.5094416938106496,2015.0
173,rail_NIU,30.048302744443852,-2.5308662591969013,2015.0
174,rail_PLW,30.048134356308868,-2.550633156903042,2015.0
175,rail_QAT,30.04813398742154,-2.64814086048985,2015.0
176,rail_AIA,30.04815209642629,-2.652453572871878,2015.0
177,rail_WSM,30.048134619849826,-2.6748185810487244,2015.0
178,rail_BEN,30.048136765258924,-2.695163705562036,2015.0
179,rail_CCK,30.04813573406014,-2.789243788345576,2015.0
180,rail_NCL,30.04813397185018,-2.79828199574926,2015.0
181,rail_MLI,30.048134021804046,-2.828766356978865,2015.0
182,rail_UZB,30.04813596022144,-2.8865168538762016,2015.0
183,rail_MHL,30.048134148619056,-2.90136316912061,2015.0
184,rail_NIC,30.04820208623521,-2.9879744162221162,2015.0
185,rail_SLE,30.04814410372256,-3.0515645645925518,2015.0
186,rail_LSO,30.04817593875574,-3.077440274114447,2015.0
187,rail_CUB,30.04813816692226,-3.0827361340636346,2015.0
188,rail_SPM,30.04816675641767,-3.1282250052084084,2015.0
189,rail_SMR,30.048267437098804,-3.204001919266884,2015.0
190,rail_NPL,30.048170059186617,-3.240972478745668,2015.0
191,rail_SOM,30.0481383271368,-3.254550558641891,2015.0
192,rail_MNG,30.048138325471864,-3.2673085782746263,2015.0
193,rail_NRU,30.048222636773446,-3.2861397035874678,2015.0
194,rail_PRY,30.048146645166785,-3.3666886283662167,2015.0
195,rail_GRD,30.048160320164655,-3.395081020734668,2015.0
196,rail_TKL,30.048166590423847,-3.439740271077223,2015.0
197,rail_CPV,30.048183191264027,-3.4407944888483266,2015.0
198,rail_ATG,30.048146272438817,-3.518125686393907,2015.0
199,rail_HTI,30.048334716227437,-3.6583225459351167,2015.0
200,rail_NER,30.048150261367766,-3.6717691223217552,2015.0
201,rail_MRT,30.0481527166849,-3.9349189250271905,2015.0
202,rail_DMA,30.04837080822882,-3.9984313739727133,2015.0
203,rail_MDV,30.048176886115982,-4.013032836327236,2015.0
204,rail_TON,30.04817852531996,-4.035016229387355,2015.0
205,rail_BRN,30.048169751000604,-4.341478305224143,2015.0
206,rail_PYF,30.048199819374823,-4.370811035341867,2015.0
207,rail_LCA,30.04818790765005,-4.373293531921359,2015.0
208,rail_SHN,30.048355134328496,-4.440380524399881,2015.0
209,rail_FRO,30.048234009561803,-4.597655768963344,2015.0
210,rail_BFA,30.04821063035252,-4.647518304720691,2015.0
211,rail_CYM,30.048185107554865,-4.687130389360926,2015.0
212,rail_PCN,30.04824151581126,-5.093562948286697,2015.0
213,rail_ATA,30.048224545431673,-5.161875692434664,2015.0
214,rail_BLM,30.0484959013803,-5.254509381711498,2015.0
215,rail_DJI,30.04827088858262,-5.273725199138685,2015.0
216,rail_FLK,30.048241170870835,-5.312700186652214,2015.0
217,rail_LBR,30.048226537659133,-5.363682687196997,2015.0
218,rail_COM,30.048235717032696,-5.421750461688534,2015.0
219,rail_BES,30.048491971124875,-5.50327378595745,2015.0
220,rail_GMB,30.048256941776497,-5.564734386722996,2015.0
221,rail_SXM,30.048274931239018,-5.57388787678438,2015.0
222,rail_CXR,30.048265335791015,-5.636266235425305,2015.0
223,rail_TKM,30.04824436218896,-5.6389709356706454,2015.0
224,rail_MNP,30.048302655033815,-5.687108309977527,2015.0
225,rail_VUT,30.048275448921142,-5.729993040289087,2015.0
226,rail_GIB,30.048285594398948,-5.872543007360926,2015.0
227,rail_TJK,30.04831642865729,-5.924172700182619,2015.0
228,rail_BVT,30.04866290893704,-6.117241047192745,2015.0
229,rail_IRQ,30.048288867406946,-6.166671339622086,2015.0
230,rail_BHS,30.048309127320252,-6.22194792808609,2015.0
231,rail_ATF,30.048819365370456,-6.862271989107635,2015.0
232,rail_TLS,30.048382513296545,-6.931599029643656,2015.0
233,rail_GRL,30.048392158195913,-6.956732117659737,2015.0
234,rail_KIR,30.048869236404446,-7.123661219033387,2015.0
235,rail_BMU,30.0484156953413,-7.153694799499491,2015.0
236,rail_ERI,30.04847188685404,-7.789504403153981,2015.0
237,rail_KNA,30.04858064622083,-7.883638403005196,2015.0
238,rail_IOT,30.04858337813878,-8.418273412948674,2015.0
239,rail_AGO,30.048602843845067,-8.571633152457666,2015.0
240,rail_TUV,30.048784393332106,-9.622317772497482,2015.0
